real_pilot_nickel_superalloy_demo_questions_q0201	ns_ht_oxidation_lpbf_gh3536_001	1
real_pilot_nickel_superalloy_demo_questions_q0202	ns_ht_am_abd900_heat_treatment_001	1
real_pilot_nickel_superalloy_demo_questions_q0203	ns_ht_pf_ml_creep_features_001	1
real_pilot_nickel_superalloy_demo_questions_q0204	ns_ht_slm_in625_preoxidation_001	1
real_pilot_nickel_superalloy_demo_questions_q0205	ns_ht_pm_hip_fatigue_review_001	1
real_pilot_nickel_superalloy_demo_questions_q0206	ns_ht_rene77_microsegregation_heat_001	1
real_pilot_nickel_superalloy_demo_questions_q0207	ns_ht_dd5_creep_rupture_overtemp_001	1
real_pilot_nickel_superalloy_demo_questions_q0208	ns_ht_hastelloyn_igc_cr_diffusion_001	1
real_pilot_nickel_superalloy_demo_questions_q0209	ns_ht_am_review_feedstock_quality_001	1
real_pilot_nickel_superalloy_demo_questions_q0210	ns_ht_pfml_shap_design_features_001	1
real_pilot_nickel_superalloy_demo_questions_q0211	ns_ht_mar_m247_coating_diffusion_001	1
real_pilot_nickel_superalloy_demo_questions_q0212	ns_ht_cm247lc_lpbf_crack_mitigation_001	1
real_pilot_nickel_superalloy_demo_questions_q0213	ns_ht_in625_molten_salt_chloride_001	1
real_pilot_nickel_superalloy_demo_questions_q0214	ns_ht_medium_plus_q002_distilled_001	1
real_pilot_nickel_superalloy_demo_questions_q0215	ns_ht_medium_plus_q005_distilled_001	1
real_pilot_nickel_superalloy_demo_questions_q0216	ns_ht_medium_plus_q008_distilled_001	1
real_pilot_nickel_superalloy_demo_questions_q0217	ns_ht_medium_plus_q011_distilled_001	1
real_pilot_nickel_superalloy_demo_questions_q0218	ns_ht_medium_plus_q014_distilled_001	1
real_pilot_nickel_superalloy_demo_questions_q0219	ns_ht_medium_plus_q017_distilled_001	1
real_pilot_nickel_superalloy_demo_questions_q0220	ns_ht_medium_plus_q020_distilled_001	1
real_pilot_nickel_superalloy_demo_questions_q0221	ns_ht_medium_plus_q023_distilled_001	1
real_pilot_nickel_superalloy_demo_questions_q0222	ns_ht_medium_plus_q026_distilled_001	1
real_pilot_nickel_superalloy_demo_questions_q0223	ns_ht_medium_plus_q029_distilled_001	1
real_pilot_nickel_superalloy_demo_questions_q0224	ns_ht_medium_plus_q032_distilled_001	1
real_pilot_nickel_superalloy_demo_questions_q0225	ns_ht_medium_plus_q035_distilled_001	1
real_pilot_nickel_superalloy_demo_questions_q0226	ns_ht_medium_plus_q038_distilled_001	1
real_pilot_nickel_superalloy_demo_questions_q0227	ns_ht_medium_plus_q041_distilled_001	1
real_pilot_nickel_superalloy_demo_questions_q0228	ns_ht_medium_plus_q044_distilled_001	1
real_pilot_nickel_superalloy_demo_questions_q0229	ns_ht_medium_plus_q047_distilled_001	1
real_pilot_nickel_superalloy_demo_questions_q0230	ns_ht_medium_plus_q050_distilled_001	1
real_pilot_nickel_superalloy_demo_questions_q0231	ns_ht_medium_plus_q053_distilled_001	1
real_pilot_nickel_superalloy_demo_questions_q0232	ns_ht_medium_plus_q056_distilled_001	1
real_pilot_nickel_superalloy_demo_questions_q0233	ns_ht_medium_plus_q059_distilled_001	1
real_pilot_nickel_superalloy_demo_questions_q0234	ns_ht_oxidation_lpbf_gh3536_001	1
real_pilot_nickel_superalloy_demo_questions_q0235	ns_ht_am_abd900_heat_treatment_001	1
real_pilot_nickel_superalloy_demo_questions_q0236	ns_ht_pf_ml_creep_features_001	1
real_pilot_nickel_superalloy_demo_questions_q0237	ns_ht_slm_in625_preoxidation_001	1
real_pilot_nickel_superalloy_demo_questions_q0238	ns_ht_pm_hip_fatigue_review_001	1
real_pilot_nickel_superalloy_demo_questions_q0239	ns_ht_rene77_microsegregation_heat_001	1
real_pilot_nickel_superalloy_demo_questions_q0240	ns_ht_dd5_creep_rupture_overtemp_001	1
real_pilot_nickel_superalloy_demo_questions_q0241	ns_ht_hastelloyn_igc_cr_diffusion_001	1
real_pilot_nickel_superalloy_demo_questions_q0242	ns_ht_am_review_feedstock_quality_001	1
real_pilot_nickel_superalloy_demo_questions_q0243	ns_ht_pfml_shap_design_features_001	1
real_pilot_nickel_superalloy_demo_questions_q0244	ns_ht_mar_m247_coating_diffusion_001	1
real_pilot_nickel_superalloy_demo_questions_q0245	ns_ht_cm247lc_lpbf_crack_mitigation_001	1
real_pilot_nickel_superalloy_demo_questions_q0246	ns_ht_in625_molten_salt_chloride_001	1
real_pilot_nickel_superalloy_demo_questions_q0247	ns_ht_medium_plus_q002_distilled_001	1
real_pilot_nickel_superalloy_demo_questions_q0248	ns_ht_medium_plus_q005_distilled_001	1
real_pilot_nickel_superalloy_demo_questions_q0249	ns_ht_medium_plus_q008_distilled_001	1
real_pilot_nickel_superalloy_demo_questions_q0250	ns_ht_medium_plus_q011_distilled_001	1
real_pilot_nickel_superalloy_demo_questions_q0251	ns_ht_medium_plus_q014_distilled_001	1
real_pilot_nickel_superalloy_demo_questions_q0252	ns_ht_medium_plus_q017_distilled_001	1
real_pilot_nickel_superalloy_demo_questions_q0253	ns_ht_medium_plus_q020_distilled_001	1
real_pilot_nickel_superalloy_demo_questions_q0254	ns_ht_medium_plus_q023_distilled_001	1
real_pilot_nickel_superalloy_demo_questions_q0255	ns_ht_medium_plus_q026_distilled_001	1
real_pilot_nickel_superalloy_demo_questions_q0256	ns_ht_medium_plus_q029_distilled_001	1
real_pilot_nickel_superalloy_demo_questions_q0257	ns_ht_medium_plus_q032_distilled_001	1
real_pilot_nickel_superalloy_demo_questions_q0258	ns_ht_medium_plus_q035_distilled_001	1
real_pilot_nickel_superalloy_demo_questions_q0259	ns_ht_medium_plus_q038_distilled_001	1
real_pilot_nickel_superalloy_demo_questions_q0260	ns_ht_medium_plus_q041_distilled_001	1
real_pilot_nickel_superalloy_demo_questions_q0261	ns_ht_medium_plus_q044_distilled_001	1
real_pilot_nickel_superalloy_demo_questions_q0262	ns_ht_medium_plus_q047_distilled_001	1
real_pilot_nickel_superalloy_demo_questions_q0263	ns_ht_medium_plus_q050_distilled_001	1
real_pilot_nickel_superalloy_demo_questions_q0264	ns_ht_medium_plus_q053_distilled_001	1
real_pilot_nickel_superalloy_demo_questions_q0265	ns_ht_medium_plus_q056_distilled_001	1
real_pilot_nickel_superalloy_demo_questions_q0266	ns_ht_medium_plus_q059_distilled_001	1
real_pilot_nickel_superalloy_demo_questions_q0267	ns_ht_oxidation_lpbf_gh3536_001	1
real_pilot_nickel_superalloy_demo_questions_q0268	ns_ht_am_abd900_heat_treatment_001	1
real_pilot_nickel_superalloy_demo_questions_q0269	ns_ht_pf_ml_creep_features_001	1
real_pilot_nickel_superalloy_demo_questions_q0270	ns_ht_slm_in625_preoxidation_001	1
real_pilot_nickel_superalloy_demo_questions_q0271	ns_ht_pm_hip_fatigue_review_001	1
real_pilot_nickel_superalloy_demo_questions_q0272	ns_ht_rene77_microsegregation_heat_001	1
real_pilot_nickel_superalloy_demo_questions_q0273	ns_ht_dd5_creep_rupture_overtemp_001	1
real_pilot_nickel_superalloy_demo_questions_q0274	ns_ht_hastelloyn_igc_cr_diffusion_001	1
real_pilot_nickel_superalloy_demo_questions_q0275	ns_ht_am_review_feedstock_quality_001	1
real_pilot_nickel_superalloy_demo_questions_q0276	ns_ht_pfml_shap_design_features_001	1
real_pilot_nickel_superalloy_demo_questions_q0277	ns_ht_mar_m247_coating_diffusion_001	1
real_pilot_nickel_superalloy_demo_questions_q0278	ns_ht_cm247lc_lpbf_crack_mitigation_001	1
real_pilot_nickel_superalloy_demo_questions_q0279	ns_ht_in625_molten_salt_chloride_001	1
real_pilot_nickel_superalloy_demo_questions_q0280	ns_ht_medium_plus_q002_distilled_001	1
real_pilot_nickel_superalloy_demo_questions_q0281	ns_ht_medium_plus_q005_distilled_001	1
real_pilot_nickel_superalloy_demo_questions_q0282	ns_ht_medium_plus_q008_distilled_001	1
real_pilot_nickel_superalloy_demo_questions_q0283	ns_ht_medium_plus_q011_distilled_001	1
real_pilot_nickel_superalloy_demo_questions_q0284	ns_ht_medium_plus_q014_distilled_001	1
real_pilot_nickel_superalloy_demo_questions_q0285	ns_ht_medium_plus_q017_distilled_001	1
real_pilot_nickel_superalloy_demo_questions_q0286	ns_ht_medium_plus_q020_distilled_001	1
real_pilot_nickel_superalloy_demo_questions_q0287	ns_ht_medium_plus_q023_distilled_001	1
real_pilot_nickel_superalloy_demo_questions_q0288	ns_ht_medium_plus_q026_distilled_001	1
real_pilot_nickel_superalloy_demo_questions_q0289	ns_ht_medium_plus_q029_distilled_001	1
real_pilot_nickel_superalloy_demo_questions_q0290	ns_ht_medium_plus_q032_distilled_001	1
real_pilot_nickel_superalloy_demo_questions_q0291	ns_ht_medium_plus_q035_distilled_001	1
real_pilot_nickel_superalloy_demo_questions_q0292	ns_ht_medium_plus_q038_distilled_001	1
real_pilot_nickel_superalloy_demo_questions_q0293	ns_ht_medium_plus_q041_distilled_001	1
real_pilot_nickel_superalloy_demo_questions_q0294	ns_ht_medium_plus_q044_distilled_001	1
real_pilot_nickel_superalloy_demo_questions_q0295	ns_ht_medium_plus_q047_distilled_001	1
real_pilot_nickel_superalloy_demo_questions_q0296	ns_ht_medium_plus_q050_distilled_001	1
real_pilot_nickel_superalloy_demo_questions_q0297	ns_ht_medium_plus_q053_distilled_001	1
real_pilot_nickel_superalloy_demo_questions_q0298	ns_ht_medium_plus_q056_distilled_001	1
real_pilot_nickel_superalloy_demo_questions_q0299	ns_ht_medium_plus_q059_distilled_001	1
real_pilot_nickel_superalloy_demo_questions_q0300	ns_ht_oxidation_lpbf_gh3536_001	1
